id,name,start_time,launch_time,finish_time,runtime_seconds
application_1741747991273_0039,Test500MB_Aggregate,Wed Mar 12 01:32:22 -0700 2025,Wed Mar 12 01:32:23 -0700 2025,Wed Mar 12 01:32:45 -0700 2025,23.0
application_1741747991273_0044,Test500MB_Aggregate_16,Wed Mar 12 02:04:48 -0700 2025,Wed Mar 12 02:04:48 -0700 2025,Wed Mar 12 02:05:17 -0700 2025,29.0
application_1741747991273_0045,Test500MB_Aggregate_32,Wed Mar 12 02:05:53 -0700 2025,Wed Mar 12 02:05:53 -0700 2025,Wed Mar 12 02:06:22 -0700 2025,29.0
application_1741747991273_0042,Test500MB_Aggregate_4,Wed Mar 12 01:58:58 -0700 2025,Wed Mar 12 01:58:58 -0700 2025,Wed Mar 12 01:59:08 -0700 2025,10.0
application_1741747991273_0041,Test500MB_Window,Wed Mar 12 01:57:29 -0700 2025,Wed Mar 12 01:57:30 -0700 2025,Wed Mar 12 01:57:53 -0700 2025,24.0
application_1741747991273_0048,Test500MB_Window_16,Wed Mar 12 02:11:23 -0700 2025,Wed Mar 12 02:11:23 -0700 2025,Wed Mar 12 02:11:51 -0700 2025,28.0
application_1741747991273_0049,Test500MB_Window_32,Wed Mar 12 02:12:36 -0700 2025,Wed Mar 12 02:12:36 -0700 2025,Wed Mar 12 02:13:05 -0700 2025,29.0
application_1741747991273_0047,Test500MB_Window_4,Wed Mar 12 02:10:14 -0700 2025,Wed Mar 12 02:10:14 -0700 2025,Wed Mar 12 02:10:43 -0700 2025,29.0
